News Organization,Compound Score,Negative Score,Neutral Score,Positive Score,Tweet Number
@BBC,0.17000400000000002,0.0405,0.8545199999999998,0.10496,49.5
@CBS,0.374197,0.0098,0.8301500000000004,0.16004999999999994,49.5
@CNN,-0.068466,0.08498000000000001,0.8614999999999999,0.053519999999999984,49.5
@FoxNews,0.022075999999999985,0.09076,0.8060600000000006,0.10318,49.5
@nytimes,0.032135000000000004,0.07532000000000001,0.8380699999999999,0.0866,49.5
